osm_id,jurisd_base_id,jurisd_local_id,name,parent_abbrev,abbrev,wikidata_id,lexlabel,isolabel_ext,ddd,info
3988533,484,21001,Acajete,PUE,,2984107,acajete,MX-PUE-Acajete,,"{""area_sr"": 0.01519, ""area_km2"": 177, ""fat_deg_m"": 0.0000093, ""side_estim_km"": 13.3, ""side_estim_deg"": 0.1232, ""elongation_factor"": 2.56}"
5570732,484,21002,Acateno,PUE,,1998759,acateno,MX-PUE-Acateno,,"{""area_sr"": 0.01574, ""area_km2"": 182, ""fat_deg_m"": 0.0000093, ""side_estim_km"": 13.5, ""side_estim_deg"": 0.1255, ""elongation_factor"": 2.28}"
6037571,484,21003,Acatlán,PUE,,9035926,acatlan,MX-PUE-Acatlan,,"{""area_sr"": 0.05196, ""area_km2"": 609, ""fat_deg_m"": 0.0000092, ""side_estim_km"": 24.7, ""side_estim_deg"": 0.228, ""elongation_factor"": 3.93}"
3988541,484,21004,Acatzingo,PUE,,1998719,acatzingo,MX-PUE-Acatzingo,,"{""area_sr"": 0.01206, ""area_km2"": 141, ""fat_deg_m"": 0.0000093, ""side_estim_km"": 11.9, ""side_estim_deg"": 0.1098, ""elongation_factor"": 2.56}"
6037574,484,21005,Acteopan,PUE,,1998829,acteopan,MX-PUE-Acteopan,,"{""area_sr"": 0.00644, ""area_km2"": 75, ""fat_deg_m"": 0.0000093, ""side_estim_km"": 8.7, ""side_estim_deg"": 0.0802, ""elongation_factor"": 2.22}"
6037580,484,21006,Ahuacatlán,PUE,,2466062,ahuacatlan,MX-PUE-Ahuacatlan,,"{""area_sr"": 0.00789, ""area_km2"": 91, ""fat_deg_m"": 0.0000093, ""side_estim_km"": 9.6, ""side_estim_deg"": 0.0888, ""elongation_factor"": 2.04}"
6037581,484,21007,Ahuatlán,PUE,,1998734,ahuatlan,MX-PUE-Ahuatlan,,"{""area_sr"": 0.01584, ""area_km2"": 185, ""fat_deg_m"": 0.0000093, ""side_estim_km"": 13.6, ""side_estim_deg"": 0.1258, ""elongation_factor"": 2.4}"
6037582,484,21008,Ahuazotepec,PUE,,2984709,ahuazotepec,MX-PUE-Ahuazotepec,,"{""area_sr"": 0.00524, ""area_km2"": 61, ""fat_deg_m"": 0.0000093, ""side_estim_km"": 7.8, ""side_estim_deg"": 0.0724, ""elongation_factor"": 1.92}"
6037583,484,21009,Ahuehuetitla,PUE,,1998679,ahuehuetitla,MX-PUE-Ahuehuetitla,,"{""area_sr"": 0.00617, ""area_km2"": 72, ""fat_deg_m"": 0.0000092, ""side_estim_km"": 8.5, ""side_estim_deg"": 0.0786, ""elongation_factor"": 2.22}"
6037584,484,21010,Ajalpan,PUE,,4699520,ajalpan,MX-PUE-Ajalpan,,"{""area_sr"": 0.03368, ""area_km2"": 394, ""fat_deg_m"": 0.0000092, ""side_estim_km"": 19.8, ""side_estim_deg"": 0.1835, ""elongation_factor"": 2.81}"
6037585,484,21011,"Albino Zertuche",PUE,,1998869,albino.zertuche,MX-PUE-AlbinoZertuche,,"{""area_sr"": 0.00677, ""area_km2"": 79, ""fat_deg_m"": 0.0000092, ""side_estim_km"": 8.9, ""side_estim_deg"": 0.0823, ""elongation_factor"": 2.85}"
4040284,484,21012,Aljojuca,PUE,,3846302,aljojuca,MX-PUE-Aljojuca,,"{""area_sr"": 0.00449, ""area_km2"": 52, ""fat_deg_m"": 0.0000093, ""side_estim_km"": 7.2, ""side_estim_deg"": 0.067, ""elongation_factor"": 2.05}"
6037587,484,21013,Altepexi,PUE,,24832,altepexi,MX-PUE-Altepexi,,"{""area_sr"": 0.00403, ""area_km2"": 47, ""fat_deg_m"": 0.0000092, ""side_estim_km"": 6.9, ""side_estim_deg"": 0.0635, ""elongation_factor"": 2.03}"
6037593,484,21014,Amixtlán,PUE,,2001208,amixtlan,MX-PUE-Amixtlan,,"{""area_sr"": 0.00384, ""area_km2"": 45, ""fat_deg_m"": 0.0000093, ""side_estim_km"": 6.7, ""side_estim_deg"": 0.062, ""elongation_factor"": 1.84}"
3988477,484,21015,Amozoc,PUE,,4748021,amozoc,MX-PUE-Amozoc,,"{""area_sr"": 0.01159, ""area_km2"": 135, ""fat_deg_m"": 0.0000093, ""side_estim_km"": 11.6, ""side_estim_deg"": 0.1077, ""elongation_factor"": 2.41}"
6037597,484,21016,Aquixtla,PUE,,1998668,aquixtla,MX-PUE-Aquixtla,,"{""area_sr"": 0.01438, ""area_km2"": 167, ""fat_deg_m"": 0.0000093, ""side_estim_km"": 12.9, ""side_estim_deg"": 0.1199, ""elongation_factor"": 2.34}"
6037599,484,21017,Atempan,PUE,,3893117,atempan,MX-PUE-Atempan,,"{""area_sr"": 0.00415, ""area_km2"": 48, ""fat_deg_m"": 0.0000093, ""side_estim_km"": 6.9, ""side_estim_deg"": 0.0644, ""elongation_factor"": 1.95}"
6037600,484,21018,Atexcal,PUE,,2001136,atexcal,MX-PUE-Atexcal,,"{""area_sr"": 0.02835, ""area_km2"": 332, ""fat_deg_m"": 0.0000092, ""side_estim_km"": 18.2, ""side_estim_deg"": 0.1684, ""elongation_factor"": 1.87}"
6037602,484,21080,Atlequizayan,PUE,,4816914,atlequizayan,MX-PUE-Atlequizayan,,"{""area_sr"": 0.00107, ""area_km2"": 12, ""fat_deg_m"": 0.0000093, ""side_estim_km"": 3.5, ""side_estim_deg"": 0.0327, ""elongation_factor"": 2.12}"
6037603,484,21019,Atlixco,PUE,,4816939,atlixco,MX-PUE-Atlixco,,"{""area_sr"": 0.02514, ""area_km2"": 293, ""fat_deg_m"": 0.0000093, ""side_estim_km"": 17.1, ""side_estim_deg"": 0.1586, ""elongation_factor"": 2.8}"
4000702,484,21020,Atoyatempan,PUE,,2656491,atoyatempan,MX-PUE-Atoyatempan,,"{""area_sr"": 0.00231, ""area_km2"": 27, ""fat_deg_m"": 0.0000093, ""side_estim_km"": 5.2, ""side_estim_deg"": 0.048, ""elongation_factor"": 1.71}"
6037606,484,21021,Atzala,PUE,,3893095,atzala,MX-PUE-Atzala,,"{""area_sr"": 0.00097, ""area_km2"": 11, ""fat_deg_m"": 0.0000093, ""side_estim_km"": 3.4, ""side_estim_deg"": 0.0312, ""elongation_factor"": 2.12}"
6037608,484,21022,Atzitzihuacán,PUE,,1998791,atzitzihuacan,MX-PUE-Atzitzihuacan,,"{""area_sr"": 0.01112, ""area_km2"": 130, ""fat_deg_m"": 0.0000093, ""side_estim_km"": 11.4, ""side_estim_deg"": 0.1054, ""elongation_factor"": 3.26}"
6037609,484,21023,Atzitzintla,PUE,,962255,atzitzintla,MX-PUE-Atzitzintla,,"{""area_sr"": 0.01142, ""area_km2"": 133, ""fat_deg_m"": 0.0000093, ""side_estim_km"": 11.5, ""side_estim_deg"": 0.1069, ""elongation_factor"": 1.93}"
6037610,484,21024,Axutla,PUE,,3893112,axutla,MX-PUE-Axutla,,"{""area_sr"": 0.01607, ""area_km2"": 188, ""fat_deg_m"": 0.0000092, ""side_estim_km"": 13.7, ""side_estim_deg"": 0.1268, ""elongation_factor"": 2.25}"
5570746,484,21025,"Ayotoxco de Guerrero",PUE,,3893079,ayotoxco.guerrero,MX-PUE-AyotoxcoGuerrero,,"{""area_sr"": 0.00923, ""area_km2"": 107, ""fat_deg_m"": 0.0000093, ""side_estim_km"": 10.3, ""side_estim_deg"": 0.0961, ""elongation_factor"": 2.1}"
6037615,484,21026,Calpan,PUE,,3893123,calpan,MX-PUE-Calpan,,"{""area_sr"": 0.00574, ""area_km2"": 67, ""fat_deg_m"": 0.0000093, ""side_estim_km"": 8.2, ""side_estim_deg"": 0.0758, ""elongation_factor"": 2.55}"
6037616,484,21027,Caltepec,PUE,,3893089,caltepec,MX-PUE-Caltepec,,"{""area_sr"": 0.03354, ""area_km2"": 393, ""fat_deg_m"": 0.0000092, ""side_estim_km"": 19.8, ""side_estim_deg"": 0.1831, ""elongation_factor"": 3.05}"
6037619,484,21028,Camocuautla,PUE,,3893085,camocuautla,MX-PUE-Camocuautla,,"{""area_sr"": 0.0014, ""area_km2"": 16, ""fat_deg_m"": 0.0000093, ""side_estim_km"": 4, ""side_estim_deg"": 0.0374, ""elongation_factor"": 1.92}"
5570112,484,21029,Caxhuacán,PUE,,5055255,caxhuacan,MX-PUE-Caxhuacan,,"{""area_sr"": 0.00136, ""area_km2"": 16, ""fat_deg_m"": 0.0000093, ""side_estim_km"": 4, ""side_estim_deg"": 0.0369, ""elongation_factor"": 1.8}"
4042141,484,21099,"Cañada Morelos",PUE,,3891718,canada.morelos,MX-PUE-CanadaMorelos,,"{""area_sr"": 0.02096, ""area_km2"": 245, ""fat_deg_m"": 0.0000093, ""side_estim_km"": 15.6, ""side_estim_deg"": 0.1448, ""elongation_factor"": 2.39}"
6037624,484,21045,"Chalchicomula de Sesma",PUE,,2652050,chalchicomula.sesma,MX-PUE-ChalchicomulaSesma,,"{""area_sr"": 0.03343, ""area_km2"": 390, ""fat_deg_m"": 0.0000093, ""side_estim_km"": 19.7, ""side_estim_deg"": 0.1828, ""elongation_factor"": 2.12}"
6037625,484,21046,Chapulco,PUE,,5073548,chapulco,MX-PUE-Chapulco,,"{""area_sr"": 0.00746, ""area_km2"": 87, ""fat_deg_m"": 0.0000093, ""side_estim_km"": 9.3, ""side_estim_deg"": 0.0864, ""elongation_factor"": 2.97}"
6037626,484,21047,Chiautla,PUE,,2466631,chiautla,MX-PUE-Chiautla,,"{""area_sr"": 0.06871, ""area_km2"": 804, ""fat_deg_m"": 0.0000092, ""side_estim_km"": 28.4, ""side_estim_deg"": 0.2621, ""elongation_factor"": 3.5}"
6037627,484,21048,Chiautzingo,PUE,,5095282,chiautzingo,MX-PUE-Chiautzingo,,"{""area_sr"": 0.00696, ""area_km2"": 81, ""fat_deg_m"": 0.0000093, ""side_estim_km"": 9, ""side_estim_deg"": 0.0835, ""elongation_factor"": 2.3}"
6037628,484,21050,Chichiquila,PUE,,5096058,chichiquila,MX-PUE-Chichiquila,,"{""area_sr"": 0.00939, ""area_km2"": 109, ""fat_deg_m"": 0.0000093, ""side_estim_km"": 10.5, ""side_estim_deg"": 0.0969, ""elongation_factor"": 2.74}"
6037629,484,21049,Chiconcuautla,PUE,,5096475,chiconcuautla,MX-PUE-Chiconcuautla,,"{""area_sr"": 0.00774, ""area_km2"": 90, ""fat_deg_m"": 0.0000093, ""side_estim_km"": 9.5, ""side_estim_deg"": 0.088, ""elongation_factor"": 2.11}"
6037631,484,21051,Chietla,PUE,,4518485,chietla,MX-PUE-Chietla,,"{""area_sr"": 0.02785, ""area_km2"": 326, ""fat_deg_m"": 0.0000092, ""side_estim_km"": 18, ""side_estim_deg"": 0.1669, ""elongation_factor"": 2.08}"
6037632,484,21052,Chigmecatitlán,PUE,,5097216,chigmecatitlan,MX-PUE-Chigmecatitlan,,"{""area_sr"": 0.00222, ""area_km2"": 26, ""fat_deg_m"": 0.0000093, ""side_estim_km"": 5.1, ""side_estim_deg"": 0.0471, ""elongation_factor"": 2.54}"
6037633,484,21053,Chignahuapan,PUE,,2984119,chignahuapan,MX-PUE-Chignahuapan,,"{""area_sr"": 0.0655, ""area_km2"": 760, ""fat_deg_m"": 0.0000093, ""side_estim_km"": 27.6, ""side_estim_deg"": 0.2559, ""elongation_factor"": 2.23}"
6037634,484,21054,Chignautla,PUE,,5097219,chignautla,MX-PUE-Chignautla,,"{""area_sr"": 0.01278, ""area_km2"": 148, ""fat_deg_m"": 0.0000093, ""side_estim_km"": 12.2, ""side_estim_deg"": 0.1131, ""elongation_factor"": 2.58}"
6037636,484,21055,Chila,PUE,,5097549,chila,MX-PUE-Chila,,"{""area_sr"": 0.01098, ""area_km2"": 129, ""fat_deg_m"": 0.0000092, ""side_estim_km"": 11.3, ""side_estim_deg"": 0.1048, ""elongation_factor"": 1.44}"
6037635,484,21056,"Chila de la Sal",PUE,,5097553,chila.la.sal,MX-PUE-ChilaLaSal,,"{""area_sr"": 0.01205, ""area_km2"": 141, ""fat_deg_m"": 0.0000092, ""side_estim_km"": 11.9, ""side_estim_deg"": 0.1098, ""elongation_factor"": 3.27}"
6037637,484,21058,Chilchotla,PUE,,5097637,chilchotla,MX-PUE-Chilchotla,,"{""area_sr"": 0.01254, ""area_km2"": 146, ""fat_deg_m"": 0.0000093, ""side_estim_km"": 12.1, ""side_estim_deg"": 0.112, ""elongation_factor"": 2.41}"
6037639,484,21059,Chinantla,PUE,,3890514,chinantla,MX-PUE-Chinantla,,"{""area_sr"": 0.00756, ""area_km2"": 88, ""fat_deg_m"": 0.0000092, ""side_estim_km"": 9.4, ""side_estim_deg"": 0.0869, ""elongation_factor"": 2.49}"
6037642,484,21030,Coatepec,PUE,,5138604,coatepec,MX-PUE-Coatepec,,"{""area_sr"": 0.00106, ""area_km2"": 12, ""fat_deg_m"": 0.0000093, ""side_estim_km"": 3.5, ""side_estim_deg"": 0.0325, ""elongation_factor"": 2.02}"
6037645,484,21031,Coatzingo,PUE,,5138665,coatzingo,MX-PUE-Coatzingo,,"{""area_sr"": 0.00985, ""area_km2"": 115, ""fat_deg_m"": 0.0000093, ""side_estim_km"": 10.7, ""side_estim_deg"": 0.0993, ""elongation_factor"": 2.75}"
6037647,484,21032,Cohetzala,PUE,,3893128,cohetzala,MX-PUE-Cohetzala,,"{""area_sr"": 0.02055, ""area_km2"": 241, ""fat_deg_m"": 0.0000092, ""side_estim_km"": 15.5, ""side_estim_deg"": 0.1434, ""elongation_factor"": 2.86}"
6037648,484,21033,Cohuecan,PUE,,5141439,cohuecan,MX-PUE-Cohuecan,,"{""area_sr"": 0.00407, ""area_km2"": 48, ""fat_deg_m"": 0.0000093, ""side_estim_km"": 6.9, ""side_estim_deg"": 0.0638, ""elongation_factor"": 3.91}"
4000499,484,21034,Coronango,PUE,,1998853,coronango,MX-PUE-Coronango,,"{""area_sr"": 0.00315, ""area_km2"": 37, ""fat_deg_m"": 0.0000093, ""side_estim_km"": 6.1, ""side_estim_deg"": 0.0562, ""elongation_factor"": 1.59}"
6037656,484,21035,Coxcatlán,PUE,,8351454,coxcatlan,MX-PUE-Coxcatlan,,"{""area_sr"": 0.0213, ""area_km2"": 249, ""fat_deg_m"": 0.0000092, ""side_estim_km"": 15.8, ""side_estim_deg"": 0.1459, ""elongation_factor"": 2.14}"
6037657,484,21036,Coyomeapan,PUE,,1998751,coyomeapan,MX-PUE-Coyomeapan,,"{""area_sr"": 0.01954, ""area_km2"": 229, ""fat_deg_m"": 0.0000092, ""side_estim_km"": 15.1, ""side_estim_deg"": 0.1398, ""elongation_factor"": 2.58}"
6037658,484,21037,Coyotepec,PUE,,5180099,coyotepec,MX-PUE-Coyotepec,,"{""area_sr"": 0.01144, ""area_km2"": 134, ""fat_deg_m"": 0.0000092, ""side_estim_km"": 11.6, ""side_estim_deg"": 0.1069, ""elongation_factor"": 2.7}"
3986233,484,21038,"Cuapiaxtla de Madero",PUE,,5191855,cuapiaxtla.madero,MX-PUE-CuapiaxtlaMadero,,"{""area_sr"": 0.002, ""area_km2"": 23, ""fat_deg_m"": 0.0000093, ""side_estim_km"": 4.8, ""side_estim_deg"": 0.0447, ""elongation_factor"": 2.64}"
6037659,484,21039,Cuautempan,PUE,,5191896,cuautempan,MX-PUE-Cuautempan,,"{""area_sr"": 0.00528, ""area_km2"": 61, ""fat_deg_m"": 0.0000093, ""side_estim_km"": 7.8, ""side_estim_deg"": 0.0726, ""elongation_factor"": 1.99}"
3988517,484,21040,Cuautinchán,PUE,,5191852,cuautinchan,MX-PUE-Cuautinchan,,"{""area_sr"": 0.01375, ""area_km2"": 160, ""fat_deg_m"": 0.0000093, ""side_estim_km"": 12.7, ""side_estim_deg"": 0.1173, ""elongation_factor"": 2.55}"
4000492,484,21041,Cuautlancingo,PUE,,1998658,cuautlancingo,MX-PUE-Cuautlancingo,,"{""area_sr"": 0.00328, ""area_km2"": 38, ""fat_deg_m"": 0.0000093, ""side_estim_km"": 6.2, ""side_estim_deg"": 0.0572, ""elongation_factor"": 2.04}"
6037660,484,21042,"Cuayuca de Andrade",PUE,,5138674,cuayuca.andrade,MX-PUE-CuayucaAndrade,,"{""area_sr"": 0.01701, ""area_km2"": 199, ""fat_deg_m"": 0.0000092, ""side_estim_km"": 14.1, ""side_estim_deg"": 0.1304, ""elongation_factor"": 3.09}"
5570747,484,21043,"Cuetzalan del Progreso",PUE,,5192626,cuetzalan.progreso,MX-PUE-CuetzalanProgreso,,"{""area_sr"": 0.01568, ""area_km2"": 182, ""fat_deg_m"": 0.0000093, ""side_estim_km"": 13.5, ""side_estim_deg"": 0.1252, ""elongation_factor"": 1.9}"
6037663,484,21044,Cuyoaco,PUE,,608391,cuyoaco,MX-PUE-Cuyoaco,,"{""area_sr"": 0.02595, ""area_km2"": 301, ""fat_deg_m"": 0.0000093, ""side_estim_km"": 17.4, ""side_estim_deg"": 0.1611, ""elongation_factor"": 2.6}"
6037665,484,21060,"Domingo Arenas",PUE,,5290343,domingo.arenas,MX-PUE-DomingoArenas,,"{""area_sr"": 0.00138, ""area_km2"": 16, ""fat_deg_m"": 0.0000093, ""side_estim_km"": 4, ""side_estim_deg"": 0.0372, ""elongation_factor"": 2.01}"
6037666,484,21061,Eloxochitlán,PUE,,5829881,eloxochitlan,MX-PUE-Eloxochitlan,,"{""area_sr"": 0.00852, ""area_km2"": 100, ""fat_deg_m"": 0.0000092, ""side_estim_km"": 10, ""side_estim_deg"": 0.0923, ""elongation_factor"": 2.01}"
6037668,484,21062,Epatlán,PUE,,5382071,epatlan,MX-PUE-Epatlan,,"{""area_sr"": 0.00446, ""area_km2"": 52, ""fat_deg_m"": 0.0000093, ""side_estim_km"": 7.2, ""side_estim_deg"": 0.0668, ""elongation_factor"": 2.21}"
6037669,484,21063,Esperanza,PUE,,5398884,esperanza,MX-PUE-Esperanza,,"{""area_sr"": 0.0068, ""area_km2"": 79, ""fat_deg_m"": 0.0000093, ""side_estim_km"": 8.9, ""side_estim_deg"": 0.0824, ""elongation_factor"": 2.58}"
5574036,484,21064,"Francisco Z. Mena",PUE,,5484072,francisco.z.mena,MX-PUE-FranciscoZMena,,"{""area_sr"": 0.03609, ""area_km2"": 416, ""fat_deg_m"": 0.0000093, ""side_estim_km"": 20.4, ""side_estim_deg"": 0.19, ""elongation_factor"": 2.25}"
4000343,484,21065,"General Felipe Ángeles",PUE,,5531906,general.felipe.angeles,MX-PUE-GeneralFelipeAngeles,,"{""area_sr"": 0.00785, ""area_km2"": 92, ""fat_deg_m"": 0.0000093, ""side_estim_km"": 9.6, ""side_estim_deg"": 0.0886, ""elongation_factor"": 2.11}"
6037672,484,21066,Guadalupe,PUE,,5613245,guadalupe,MX-PUE-Guadalupe,,"{""area_sr"": 0.01323, ""area_km2"": 155, ""fat_deg_m"": 0.0000092, ""side_estim_km"": 12.5, ""side_estim_deg"": 0.115, ""elongation_factor"": 2.12}"
6037671,484,21067,"Guadalupe Victoria",PUE,,3890918,guadalupe.victoria,MX-PUE-GuadalupeVictoria,,"{""area_sr"": 0.01961, ""area_km2"": 228, ""fat_deg_m"": 0.0000093, ""side_estim_km"": 15.1, ""side_estim_deg"": 0.14, ""elongation_factor"": 2.87}"
5570764,484,21068,"Hermenegildo Galeana",PUE,,5895823,hermenegildo.galeana,MX-PUE-HermenegildoGaleana,,"{""area_sr"": 0.00436, ""area_km2"": 51, ""fat_deg_m"": 0.0000093, ""side_estim_km"": 7.1, ""side_estim_deg"": 0.066, ""elongation_factor"": 1.89}"
6037674,484,21057,Honey,PUE,,1998711,honey,MX-PUE-Honey,,"{""area_sr"": 0.00551, ""area_km2"": 64, ""fat_deg_m"": 0.0000093, ""side_estim_km"": 8, ""side_estim_deg"": 0.0742, ""elongation_factor"": 1.54}"
6037675,484,21069,Huaquechula,PUE,,5926132,huaquechula,MX-PUE-Huaquechula,,"{""area_sr"": 0.01982, ""area_km2"": 231, ""fat_deg_m"": 0.0000093, ""side_estim_km"": 15.2, ""side_estim_deg"": 0.1408, ""elongation_factor"": 4.15}"
6037676,484,21070,Huatlatlauca,PUE,,10769258,huatlatlauca,MX-PUE-Huatlatlauca,,"{""area_sr"": 0.01442, ""area_km2"": 168, ""fat_deg_m"": 0.0000093, ""side_estim_km"": 13, ""side_estim_deg"": 0.1201, ""elongation_factor"": 2.61}"
6037678,484,21071,Huauchinango,PUE,,2984123,huauchinango,MX-PUE-Huauchinango,,"{""area_sr"": 0.02168, ""area_km2"": 251, ""fat_deg_m"": 0.0000093, ""side_estim_km"": 15.8, ""side_estim_deg"": 0.1473, ""elongation_factor"": 2.79}"
5570114,484,21072,Huehuetla,PUE,,3142191,huehuetla,MX-PUE-Huehuetla,,"{""area_sr"": 0.00416, ""area_km2"": 48, ""fat_deg_m"": 0.0000093, ""side_estim_km"": 6.9, ""side_estim_deg"": 0.0645, ""elongation_factor"": 3.16}"
6037679,484,21073,"Huehuetlán el Chico",PUE,,3891487,huehuetlan.chico,MX-PUE-HuehuetlanChico,,"{""area_sr"": 0.01181, ""area_km2"": 138, ""fat_deg_m"": 0.0000092, ""side_estim_km"": 11.8, ""side_estim_deg"": 0.1087, ""elongation_factor"": 2.71}"
6037680,484,21150,"Huehuetlán el Grande",PUE,,5929197,huehuetlan.grande,MX-PUE-HuehuetlanGrande,,"{""area_sr"": 0.01545, ""area_km2"": 180, ""fat_deg_m"": 0.0000093, ""side_estim_km"": 13.4, ""side_estim_deg"": 0.1243, ""elongation_factor"": 2.88}"
6037681,484,21074,Huejotzingo,PUE,,546562,huejotzingo,MX-PUE-Huejotzingo,,"{""area_sr"": 0.01485, ""area_km2"": 173, ""fat_deg_m"": 0.0000093, ""side_estim_km"": 13.2, ""side_estim_deg"": 0.1219, ""elongation_factor"": 3.26}"
6037683,484,21075,Hueyapan,PUE,,5904324,hueyapan,MX-PUE-Hueyapan,,"{""area_sr"": 0.00645, ""area_km2"": 75, ""fat_deg_m"": 0.0000093, ""side_estim_km"": 8.6, ""side_estim_deg"": 0.0803, ""elongation_factor"": 2.13}"
5570733,484,21076,Hueytamalco,PUE,,5929401,hueytamalco,MX-PUE-Hueytamalco,,"{""area_sr"": 0.02754, ""area_km2"": 319, ""fat_deg_m"": 0.0000093, ""side_estim_km"": 17.9, ""side_estim_deg"": 0.166, ""elongation_factor"": 2.93}"
5570111,484,21077,Hueytlalpan,PUE,,5929406,hueytlalpan,MX-PUE-Hueytlalpan,,"{""area_sr"": 0.00364, ""area_km2"": 42, ""fat_deg_m"": 0.0000093, ""side_estim_km"": 6.5, ""side_estim_deg"": 0.0603, ""elongation_factor"": 2.63}"
6037685,484,21078,"Huitzilan de Serdán",PUE,,10769319,huitzilan.serdan,MX-PUE-HuitzilanSerdan,,"{""area_sr"": 0.006, ""area_km2"": 70, ""fat_deg_m"": 0.0000093, ""side_estim_km"": 8.3, ""side_estim_deg"": 0.0775, ""elongation_factor"": 2.04}"
4000856,484,21079,Huitziltepec,PUE,,5838015,huitziltepec,MX-PUE-Huitziltepec,,"{""area_sr"": 0.00433, ""area_km2"": 51, ""fat_deg_m"": 0.0000093, ""side_estim_km"": 7.1, ""side_estim_deg"": 0.0658, ""elongation_factor"": 2.56}"
6037688,484,21081,"Ixcamilpa de Guerrero",PUE,,6793335,ixcamilpa.guerrero,MX-PUE-IxcamilpaGuerrero,,"{""area_sr"": 0.02631, ""area_km2"": 308, ""fat_deg_m"": 0.0000092, ""side_estim_km"": 17.6, ""side_estim_deg"": 0.1622, ""elongation_factor"": 3.38}"
6037689,484,21082,Ixcaquixtla,PUE,,5923615,ixcaquixtla,MX-PUE-Ixcaquixtla,,"{""area_sr"": 0.00913, ""area_km2"": 107, ""fat_deg_m"": 0.0000092, ""side_estim_km"": 10.3, ""side_estim_deg"": 0.0956, ""elongation_factor"": 2.02}"
6037695,484,21083,Ixtacamaxtitlán,PUE,,2330345,ixtacamaxtitlan,MX-PUE-Ixtacamaxtitlan,,"{""area_sr"": 0.04832, ""area_km2"": 561, ""fat_deg_m"": 0.0000093, ""side_estim_km"": 23.7, ""side_estim_deg"": 0.2198, ""elongation_factor"": 2.28}"
5570115,484,21084,Ixtepec,PUE,,5923652,ixtepec,MX-PUE-Ixtepec,,"{""area_sr"": 0.0017, ""area_km2"": 20, ""fat_deg_m"": 0.0000093, ""side_estim_km"": 4.4, ""side_estim_deg"": 0.0412, ""elongation_factor"": 2.51}"
6037697,484,21085,"Izúcar de Matamoros",PUE,,6103259,izucar.matamoros,MX-PUE-IzucarMatamoros,,"{""area_sr"": 0.04595, ""area_km2"": 537, ""fat_deg_m"": 0.0000092, ""side_estim_km"": 23.2, ""side_estim_deg"": 0.2144, ""elongation_factor"": 2.84}"
5570885,484,21086,Jalpan,PUE,,6126975,jalpan,MX-PUE-Jalpan,,"{""area_sr"": 0.01753, ""area_km2"": 202, ""fat_deg_m"": 0.0000093, ""side_estim_km"": 14.2, ""side_estim_deg"": 0.1324, ""elongation_factor"": 2.67}"
6037703,484,21087,Jolalpan,PUE,,3891543,jolalpan,MX-PUE-Jolalpan,,"{""area_sr"": 0.0514, ""area_km2"": 601, ""fat_deg_m"": 0.0000092, ""side_estim_km"": 24.5, ""side_estim_deg"": 0.2267, ""elongation_factor"": 2.04}"
5570748,484,21088,Jonotla,PUE,,5934131,jonotla,MX-PUE-Jonotla,,"{""area_sr"": 0.00259, ""area_km2"": 30, ""fat_deg_m"": 0.0000093, ""side_estim_km"": 5.5, ""side_estim_deg"": 0.0509, ""elongation_factor"": 4.06}"
5570883,484,21089,Jopala,PUE,,5818509,jopala,MX-PUE-Jopala,,"{""area_sr"": 0.01403, ""area_km2"": 162, ""fat_deg_m"": 0.0000093, ""side_estim_km"": 12.7, ""side_estim_deg"": 0.1185, ""elongation_factor"": 2.61}"
6037705,484,21090,"Juan C. Bonilla",PUE,,6299095,juan.c.bonilla,MX-PUE-JuanCBonilla,,"{""area_sr"": 0.00191, ""area_km2"": 22, ""fat_deg_m"": 0.0000093, ""side_estim_km"": 4.7, ""side_estim_deg"": 0.0438, ""elongation_factor"": 2.08}"
6037706,484,21091,"Juan Galindo",PUE,,4501994,juan.galindo,MX-PUE-JuanGalindo,,"{""area_sr"": 0.00199, ""area_km2"": 23, ""fat_deg_m"": 0.0000093, ""side_estim_km"": 4.8, ""side_estim_deg"": 0.0446, ""elongation_factor"": 1.91}"
6037707,484,21092,"Juan N. Méndez",PUE,,15153937,juan.n.mendez,MX-PUE-JuanNMendez,,"{""area_sr"": 0.01926, ""area_km2"": 225, ""fat_deg_m"": 0.0000093, ""side_estim_km"": 15, ""side_estim_deg"": 0.1388, ""elongation_factor"": 2.24}"
6037712,484,21095,"La Magdalena Tlatlauquitepec",PUE,,10783842,la.magdalena.tlatlauquitepec,MX-PUE-LaMagdalenaTlatlauquitepec,,"{""area_sr"": 0.00096, ""area_km2"": 11, ""fat_deg_m"": 0.0000093, ""side_estim_km"": 3.4, ""side_estim_deg"": 0.031, ""elongation_factor"": 2.44}"
6037714,484,21093,Lafragua,PUE,,5479464,lafragua,MX-PUE-Lafragua,,"{""area_sr"": 0.0155, ""area_km2"": 180, ""fat_deg_m"": 0.0000093, ""side_estim_km"": 13.4, ""side_estim_deg"": 0.1245, ""elongation_factor"": 3.79}"
6037720,484,21094,Libres,PUE,,2330365,libres,MX-PUE-Libres,,"{""area_sr"": 0.02359, ""area_km2"": 274, ""fat_deg_m"": 0.0000093, ""side_estim_km"": 16.6, ""side_estim_deg"": 0.1536, ""elongation_factor"": 2.24}"
3986401,484,21118,"Los Reyes de Juárez",PUE,,6683220,los.reyes.juarez,MX-PUE-LosReyesJuarez,,"{""area_sr"": 0.00264, ""area_km2"": 31, ""fat_deg_m"": 0.0000093, ""side_estim_km"": 5.5, ""side_estim_deg"": 0.0514, ""elongation_factor"": 2.8}"
4040306,484,21096,"Mazapiltepec de Juárez",PUE,,6798253,mazapiltepec.juarez,MX-PUE-MazapiltepecJuarez,,"{""area_sr"": 0.00476, ""area_km2"": 55, ""fat_deg_m"": 0.0000093, ""side_estim_km"": 7.4, ""side_estim_deg"": 0.069, ""elongation_factor"": 2.99}"
3996971,484,21097,Mixtla,PUE,,6884132,mixtla,MX-PUE-Mixtla,,"{""area_sr"": 0.00082, ""area_km2"": 10, ""fat_deg_m"": 0.0000093, ""side_estim_km"": 3.1, ""side_estim_deg"": 0.0286, ""elongation_factor"": 1.32}"
4000691,484,21098,Molcaxac,PUE,,6020844,molcaxac,MX-PUE-Molcaxac,,"{""area_sr"": 0.01341, ""area_km2"": 157, ""fat_deg_m"": 0.0000093, ""side_estim_km"": 12.5, ""side_estim_deg"": 0.1158, ""elongation_factor"": 2.49}"
3986722,484,21114,"Municipio de Puebla",PUE,,125293,municipio.puebla,MX-PUE-MunicipioPuebla,,"{""area_sr"": 0.04657, ""area_km2"": 543, ""fat_deg_m"": 0.0000093, ""side_estim_km"": 23.3, ""side_estim_deg"": 0.2158, ""elongation_factor"": 2.98}"
6037736,484,21100,Naupan,PUE,,2614078,naupan,MX-PUE-Naupan,,"{""area_sr"": 0.00528, ""area_km2"": 61, ""fat_deg_m"": 0.0000093, ""side_estim_km"": 7.8, ""side_estim_deg"": 0.0727, ""elongation_factor"": 2.26}"
6037738,484,21101,Nauzontla,PUE,,6038880,nauzontla,MX-PUE-Nauzontla,,"{""area_sr"": 0.00238, ""area_km2"": 28, ""fat_deg_m"": 0.0000093, ""side_estim_km"": 5.3, ""side_estim_deg"": 0.0488, ""elongation_factor"": 1.58}"
6037739,484,21102,Nealtican,PUE,,5837280,nealtican,MX-PUE-Nealtican,,"{""area_sr"": 0.00162, ""area_km2"": 19, ""fat_deg_m"": 0.0000093, ""side_estim_km"": 4.3, ""side_estim_deg"": 0.0403, ""elongation_factor"": 1.67}"
6037740,484,21103,"Nicolás Bravo",PUE,,7030338,nicolas.bravo,MX-PUE-NicolasBravo,,"{""area_sr"": 0.00928, ""area_km2"": 108, ""fat_deg_m"": 0.0000093, ""side_estim_km"": 10.4, ""side_estim_deg"": 0.0963, ""elongation_factor"": 2.79}"
6037742,484,21104,Nopalucan,PUE,,3894018,nopalucan,MX-PUE-Nopalucan,,"{""area_sr"": 0.01439, ""area_km2"": 167, ""fat_deg_m"": 0.0000093, ""side_estim_km"": 12.9, ""side_estim_deg"": 0.1199, ""elongation_factor"": 2.58}"
6037743,484,21105,Ocotepec,PUE,,3892749,ocotepec,MX-PUE-Ocotepec,,"{""area_sr"": 0.00578, ""area_km2"": 67, ""fat_deg_m"": 0.0000093, ""side_estim_km"": 8.2, ""side_estim_deg"": 0.076, ""elongation_factor"": 2.16}"
6037744,484,21106,Ocoyucan,PUE,,5547772,ocoyucan,MX-PUE-Ocoyucan,,"{""area_sr"": 0.01027, ""area_km2"": 120, ""fat_deg_m"": 0.0000093, ""side_estim_km"": 10.9, ""side_estim_deg"": 0.1014, ""elongation_factor"": 2.04}"
5570765,484,21107,Olintla,PUE,,1997963,olintla,MX-PUE-Olintla,,"{""area_sr"": 0.00545, ""area_km2"": 63, ""fat_deg_m"": 0.0000093, ""side_estim_km"": 7.9, ""side_estim_deg"": 0.0738, ""elongation_factor"": 2.77}"
6037747,484,21108,Oriental,PUE,,4337295,oriental,MX-PUE-Oriental,,"{""area_sr"": 0.0206, ""area_km2"": 240, ""fat_deg_m"": 0.0000093, ""side_estim_km"": 15.5, ""side_estim_deg"": 0.1435, ""elongation_factor"": 2.42}"
6037751,484,21109,Pahuatlán,PUE,,2997118,pahuatlan,MX-PUE-Pahuatlan,,"{""area_sr"": 0.00851, ""area_km2"": 98, ""fat_deg_m"": 0.0000093, ""side_estim_km"": 9.9, ""side_estim_deg"": 0.0923, ""elongation_factor"": 2.1}"
3988622,484,21110,"Palmar de Bravo",PUE,,6058970,palmar.bravo,MX-PUE-PalmarBravo,,"{""area_sr"": 0.03105, ""area_km2"": 362, ""fat_deg_m"": 0.0000093, ""side_estim_km"": 19, ""side_estim_deg"": 0.1762, ""elongation_factor"": 2.77}"
5570056,484,21111,Pantepec,PUE,,2597467,pantepec,MX-PUE-Pantepec,,"{""area_sr"": 0.01908, ""area_km2"": 220, ""fat_deg_m"": 0.0000093, ""side_estim_km"": 14.8, ""side_estim_deg"": 0.1381, ""elongation_factor"": 2.46}"
6037756,484,21112,Petlalcingo,PUE,,3893251,petlalcingo,MX-PUE-Petlalcingo,,"{""area_sr"": 0.01988, ""area_km2"": 233, ""fat_deg_m"": 0.0000092, ""side_estim_km"": 15.3, ""side_estim_deg"": 0.141, ""elongation_factor"": 2.31}"
6037757,484,21113,Piaxtla,PUE,,6030922,piaxtla,MX-PUE-Piaxtla,,"{""area_sr"": 0.01888, ""area_km2"": 221, ""fat_deg_m"": 0.0000092, ""side_estim_km"": 14.9, ""side_estim_deg"": 0.1374, ""elongation_factor"": 3.69}"
3988569,484,21115,Quecholac,PUE,,7269892,quecholac,MX-PUE-Quecholac,,"{""area_sr"": 0.01602, ""area_km2"": 187, ""fat_deg_m"": 0.0000093, ""side_estim_km"": 13.7, ""side_estim_deg"": 0.1266, ""elongation_factor"": 2.44}"
6037760,484,21116,Quimixtlán,PUE,,5683625,quimixtlan,MX-PUE-Quimixtlan,,"{""area_sr"": 0.01436, ""area_km2"": 167, ""fat_deg_m"": 0.0000093, ""side_estim_km"": 12.9, ""side_estim_deg"": 0.1198, ""elongation_factor"": 2.82}"
6037762,484,21117,"Rafael Lara Grajales",PUE,,2613309,rafael.lara.grajales,MX-PUE-RafaelLaraGrajales,,"{""area_sr"": 0.00035, ""area_km2"": 4, ""fat_deg_m"": 0.0000093, ""side_estim_km"": 2, ""side_estim_deg"": 0.0188, ""elongation_factor"": 3.28}"
4000397,484,21119,"San Andrés Cholula",PUE,,20202876,san.andres.cholula,MX-PUE-SanAndresCholula,,"{""area_sr"": 0.00542, ""area_km2"": 63, ""fat_deg_m"": 0.0000093, ""side_estim_km"": 8, ""side_estim_deg"": 0.0737, ""elongation_factor"": 2.39}"
6037769,484,21120,"San Antonio Cañada",PUE,,7413310,san.antonio.canada,MX-PUE-SanAntonioCanada,,"{""area_sr"": 0.00685, ""area_km2"": 80, ""fat_deg_m"": 0.0000092, ""side_estim_km"": 8.9, ""side_estim_deg"": 0.0828, ""elongation_factor"": 2.06}"
6037770,484,21121,"San Diego la Mesa Tochimiltzingo",PUE,,4407249,san.diego.mesa.tochimiltzingo,MX-PUE-SanDiegoMesaTochimiltzingo,,"{""area_sr"": 0.0114, ""area_km2"": 133, ""fat_deg_m"": 0.0000093, ""side_estim_km"": 11.5, ""side_estim_deg"": 0.1068, ""elongation_factor"": 2.28}"
6037771,484,21122,"San Felipe Teotlalcingo",PUE,,3893008,san.felipe.teotlalcingo,MX-PUE-SanFelipeTeotlalcingo,,"{""area_sr"": 0.00338, ""area_km2"": 39, ""fat_deg_m"": 0.0000093, ""side_estim_km"": 6.3, ""side_estim_deg"": 0.0582, ""elongation_factor"": 2.52}"
6037772,484,21123,"San Felipe Tepatlán",PUE,,6118696,san.felipe.tepatlan,MX-PUE-SanFelipeTepatlan,,"{""area_sr"": 0.0039, ""area_km2"": 45, ""fat_deg_m"": 0.0000093, ""side_estim_km"": 6.7, ""side_estim_deg"": 0.0625, ""elongation_factor"": 2.27}"
6037773,484,21124,"San Gabriel Chilac",PUE,,7414200,san.gabriel.chilac,MX-PUE-SanGabrielChilac,,"{""area_sr"": 0.00934, ""area_km2"": 109, ""fat_deg_m"": 0.0000092, ""side_estim_km"": 10.5, ""side_estim_deg"": 0.0966, ""elongation_factor"": 2.17}"
4000538,484,21125,"San Gregorio Atzompa",PUE,,7414271,san.gregorio.atzompa,MX-PUE-SanGregorioAtzompa,,"{""area_sr"": 0.00101, ""area_km2"": 12, ""fat_deg_m"": 0.0000093, ""side_estim_km"": 3.4, ""side_estim_deg"": 0.0318, ""elongation_factor"": 1.37}"
6037774,484,21126,"San Jerónimo Tecuanipan",PUE,,7414374,san.jeronimo.tecuanipan,MX-PUE-SanJeronimoTecuanipan,,"{""area_sr"": 0.00342, ""area_km2"": 40, ""fat_deg_m"": 0.0000093, ""side_estim_km"": 6.3, ""side_estim_deg"": 0.0585, ""elongation_factor"": 2.89}"
6037775,484,21127,"San Jerónimo Xayacatlán",PUE,,3894235,san.jeronimo.xayacatlan,MX-PUE-SanJeronimoXayacatlan,,"{""area_sr"": 0.01221, ""area_km2"": 143, ""fat_deg_m"": 0.0000092, ""side_estim_km"": 12, ""side_estim_deg"": 0.1105, ""elongation_factor"": 2.87}"
6037776,484,21128,"San José Chiapa",PUE,,25411947,san.jose.chiapa,MX-PUE-SanJoseChiapa,,"{""area_sr"": 0.01521, ""area_km2"": 177, ""fat_deg_m"": 0.0000093, ""side_estim_km"": 13.3, ""side_estim_deg"": 0.1233, ""elongation_factor"": 1.95}"
6037777,484,21129,"San José Miahuatlán",PUE,,7414526,san.jose.miahuatlan,MX-PUE-SanJoseMiahuatlan,,"{""area_sr"": 0.02864, ""area_km2"": 335, ""fat_deg_m"": 0.0000092, ""side_estim_km"": 18.3, ""side_estim_deg"": 0.1692, ""elongation_factor"": 1.88}"
4040278,484,21130,"San Juan Atenco",PUE,,7414556,san.juan.atenco,MX-PUE-SanJuanAtenco,,"{""area_sr"": 0.00826, ""area_km2"": 96, ""fat_deg_m"": 0.0000093, ""side_estim_km"": 9.8, ""side_estim_deg"": 0.0909, ""elongation_factor"": 2.44}"
6037778,484,21131,"San Juan Atzompa",PUE,,7414557,san.juan.atzompa,MX-PUE-SanJuanAtzompa,,"{""area_sr"": 0.00212, ""area_km2"": 25, ""fat_deg_m"": 0.0000093, ""side_estim_km"": 5, ""side_estim_deg"": 0.046, ""elongation_factor"": 3.16}"
6037780,484,21132,"San Martín Texmelucan",PUE,,7336441,san.martin.texmelucan,MX-PUE-SanMartinTexmelucan,,"{""area_sr"": 0.0077, ""area_km2"": 90, ""fat_deg_m"": 0.0000093, ""side_estim_km"": 9.5, ""side_estim_deg"": 0.0877, ""elongation_factor"": 2.12}"
6037781,484,21133,"San Martín Totoltepec",PUE,,7414882,san.martin.totoltepec,MX-PUE-SanMartinTotoltepec,,"{""area_sr"": 0.00062, ""area_km2"": 7, ""fat_deg_m"": 0.0000093, ""side_estim_km"": 2.7, ""side_estim_deg"": 0.0248, ""elongation_factor"": 1.78}"
6037782,484,21134,"San Matías Tlalancaleca",PUE,,6119392,san.matias.tlalancaleca,MX-PUE-SanMatiasTlalancaleca,,"{""area_sr"": 0.00436, ""area_km2"": 51, ""fat_deg_m"": 0.0000093, ""side_estim_km"": 7.1, ""side_estim_deg"": 0.066, ""elongation_factor"": 1.95}"
6037783,484,21135,"San Miguel Ixitlán",PUE,,7414965,san.miguel.ixitlan,MX-PUE-SanMiguelIxitlan,,"{""area_sr"": 0.00621, ""area_km2"": 73, ""fat_deg_m"": 0.0000092, ""side_estim_km"": 8.5, ""side_estim_deg"": 0.0788, ""elongation_factor"": 2.24}"
4000511,484,21136,"San Miguel Xoxtla",PUE,,7414978,san.miguel.xoxtla,MX-PUE-SanMiguelXoxtla,,"{""area_sr"": 0.00071, ""area_km2"": 8, ""fat_deg_m"": 0.0000093, ""side_estim_km"": 2.9, ""side_estim_deg"": 0.0267, ""elongation_factor"": 1.44}"
6037784,484,21137,"San Nicolás Buenos Aires",PUE,,6119487,san.nicolas.buenos.aires,MX-PUE-SanNicolasBuenosAires,,"{""area_sr"": 0.01808, ""area_km2"": 210, ""fat_deg_m"": 0.0000093, ""side_estim_km"": 14.5, ""side_estim_deg"": 0.1345, ""elongation_factor"": 2.35}"
6037785,484,21138,"San Nicolás de los Ranchos",PUE,,549962,san.nicolas.ranchos,MX-PUE-SanNicolasRanchos,,"{""area_sr"": 0.01392, ""area_km2"": 162, ""fat_deg_m"": 0.0000093, ""side_estim_km"": 12.7, ""side_estim_deg"": 0.118, ""elongation_factor"": 2.08}"
6037786,484,21139,"San Pablo Anicano",PUE,,4407298,san.pablo.anicano,MX-PUE-SanPabloAnicano,,"{""area_sr"": 0.00827, ""area_km2"": 97, ""fat_deg_m"": 0.0000092, ""side_estim_km"": 9.8, ""side_estim_deg"": 0.091, ""elongation_factor"": 2.7}"
4000423,484,21140,"San Pedro Cholula",PUE,,1962844,san.pedro.cholula,MX-PUE-SanPedroCholula,,"{""area_sr"": 0.0066, ""area_km2"": 77, ""fat_deg_m"": 0.0000093, ""side_estim_km"": 8.8, ""side_estim_deg"": 0.0812, ""elongation_factor"": 2.57}"
6037787,484,21141,"San Pedro Yeloixtlahuaca",PUE,,6119574,san.pedro.yeloixtlahuaca,MX-PUE-SanPedroYeloixtlahuaca,,"{""area_sr"": 0.01494, ""area_km2"": 175, ""fat_deg_m"": 0.0000092, ""side_estim_km"": 13.2, ""side_estim_deg"": 0.1222, ""elongation_factor"": 2.3}"
3986210,484,21144,"San Salvador Huixcolotla",PUE,,6119693,san.salvador.huixcolotla,MX-PUE-SanSalvadorHuixcolotla,,"{""area_sr"": 0.00204, ""area_km2"": 24, ""fat_deg_m"": 0.0000093, ""side_estim_km"": 4.9, ""side_estim_deg"": 0.0452, ""elongation_factor"": 1.79}"
4040197,484,21142,"San Salvador el Seco",PUE,,2836432,san.salvador.seco,MX-PUE-SanSalvadorSeco,,"{""area_sr"": 0.01892, ""area_km2"": 220, ""fat_deg_m"": 0.0000093, ""side_estim_km"": 14.8, ""side_estim_deg"": 0.1375, ""elongation_factor"": 2.05}"
6037788,484,21143,"San Salvador el Verde",PUE,,16628524,san.salvador.verde,MX-PUE-SanSalvadorVerde,,"{""area_sr"": 0.00953, ""area_km2"": 111, ""fat_deg_m"": 0.0000093, ""side_estim_km"": 10.5, ""side_estim_deg"": 0.0976, ""elongation_factor"": 3.94}"
4000612,484,21145,"San Sebastián Tlacotepec",PUE,,6119712,san.sebastian.tlacotepec,MX-PUE-SanSebastianTlacotepec,,"{""area_sr"": 0.02022, ""area_km2"": 237, ""fat_deg_m"": 0.0000092, ""side_estim_km"": 15.4, ""side_estim_deg"": 0.1422, ""elongation_factor"": 2.8}"
6037789,484,21146,"Santa Catarina Tlaltempan",PUE,,7419289,santa.catarina.tlaltempan,MX-PUE-SantaCatarinaTlaltempan,,"{""area_sr"": 0.00407, ""area_km2"": 48, ""fat_deg_m"": 0.0000093, ""side_estim_km"": 6.9, ""side_estim_deg"": 0.0638, ""elongation_factor"": 2.17}"
6037790,484,21147,"Santa Inés Ahuatempan",PUE,,4518831,santa.ines.ahuatempan,MX-PUE-SantaInesAhuatempan,,"{""area_sr"": 0.02448, ""area_km2"": 286, ""fat_deg_m"": 0.0000092, ""side_estim_km"": 16.9, ""side_estim_deg"": 0.1565, ""elongation_factor"": 2.54}"
6037791,484,21148,"Santa Isabel Cholula",PUE,,7419625,santa.isabel.cholula,MX-PUE-SantaIsabelCholula,,"{""area_sr"": 0.00281, ""area_km2"": 33, ""fat_deg_m"": 0.0000093, ""side_estim_km"": 5.7, ""side_estim_deg"": 0.053, ""elongation_factor"": 2.19}"
6037792,484,21149,"Santiago Miahuatlán",PUE,,5811439,santiago.miahuatlan,MX-PUE-SantiagoMiahuatlan,,"{""area_sr"": 0.00804, ""area_km2"": 94, ""fat_deg_m"": 0.0000093, ""side_estim_km"": 9.7, ""side_estim_deg"": 0.0897, ""elongation_factor"": 2.8}"
3996982,484,21151,"Santo Tomás Hueyotlipan",PUE,,7420560,santo.tomas.hueyotlipan,MX-PUE-SantoTomasHueyotlipan,,"{""area_sr"": 0.00166, ""area_km2"": 19, ""fat_deg_m"": 0.0000093, ""side_estim_km"": 4.4, ""side_estim_deg"": 0.0408, ""elongation_factor"": 1.44}"
4040297,484,21152,Soltepec,PUE,,7558932,soltepec,MX-PUE-Soltepec,,"{""area_sr"": 0.00981, ""area_km2"": 114, ""fat_deg_m"": 0.0000093, ""side_estim_km"": 10.7, ""side_estim_deg"": 0.0991, ""elongation_factor"": 2.09}"
3994889,484,21153,"Tecali de Herrera",PUE,,4453799,tecali.herrera,MX-PUE-TecaliHerrera,,"{""area_sr"": 0.01506, ""area_km2"": 176, ""fat_deg_m"": 0.0000093, ""side_estim_km"": 13.3, ""side_estim_deg"": 0.1227, ""elongation_factor"": 3.03}"
3981946,484,21154,Tecamachalco,PUE,,7692099,tecamachalco,MX-PUE-Tecamachalco,,"{""area_sr"": 0.01547, ""area_km2"": 180, ""fat_deg_m"": 0.0000093, ""side_estim_km"": 13.4, ""side_estim_deg"": 0.1244, ""elongation_factor"": 2.15}"
6037803,484,21155,Tecomatlán,PUE,,4453845,tecomatlan,MX-PUE-Tecomatlan,,"{""area_sr"": 0.0124, ""area_km2"": 145, ""fat_deg_m"": 0.0000092, ""side_estim_km"": 12.1, ""side_estim_deg"": 0.1113, ""elongation_factor"": 3.7}"
6037804,484,21156,Tehuacán,PUE,,7694928,tehuacan,MX-PUE-Tehuacan,,"{""area_sr"": 0.0473, ""area_km2"": 553, ""fat_deg_m"": 0.0000092, ""side_estim_km"": 23.5, ""side_estim_deg"": 0.2175, ""elongation_factor"": 3.8}"
6037806,484,21157,Tehuitzingo,PUE,,963639,tehuitzingo,MX-PUE-Tehuitzingo,,"{""area_sr"": 0.04203, ""area_km2"": 492, ""fat_deg_m"": 0.0000092, ""side_estim_km"": 22.2, ""side_estim_deg"": 0.205, ""elongation_factor"": 2.5}"
5570734,484,21158,Tenampulco,PUE,,3887619,tenampulco,MX-PUE-Tenampulco,,"{""area_sr"": 0.01248, ""area_km2"": 144, ""fat_deg_m"": 0.0000093, ""side_estim_km"": 12, ""side_estim_deg"": 0.1117, ""elongation_factor"": 1.62}"
6037810,484,21159,Teopantlán,PUE,,2449105,teopantlan,MX-PUE-Teopantlan,,"{""area_sr"": 0.0213, ""area_km2"": 249, ""fat_deg_m"": 0.0000093, ""side_estim_km"": 15.8, ""side_estim_deg"": 0.146, ""elongation_factor"": 2.89}"
6037811,484,21160,Teotlalco,PUE,,3888238,teotlalco,MX-PUE-Teotlalco,,"{""area_sr"": 0.0117, ""area_km2"": 137, ""fat_deg_m"": 0.0000092, ""side_estim_km"": 11.7, ""side_estim_deg"": 0.1081, ""elongation_factor"": 2.51}"
4042090,484,21161,"Tepanco de López",PUE,,3888252,tepanco.lopez,MX-PUE-TepancoLopez,,"{""area_sr"": 0.01924, ""area_km2"": 225, ""fat_deg_m"": 0.0000093, ""side_estim_km"": 15, ""side_estim_deg"": 0.1387, ""elongation_factor"": 2.77}"
6037812,484,21162,"Tepango de Rodríguez",PUE,,3888771,tepango.rodriguez,MX-PUE-TepangoRodriguez,,"{""area_sr"": 0.00248, ""area_km2"": 29, ""fat_deg_m"": 0.0000093, ""side_estim_km"": 5.4, ""side_estim_deg"": 0.0498, ""elongation_factor"": 2.86}"
3988535,484,21163,"Tepatlaxco de Hidalgo",PUE,,6142090,tepatlaxco.hidalgo,MX-PUE-TepatlaxcoHidalgo,,"{""area_sr"": 0.00527, ""area_km2"": 61, ""fat_deg_m"": 0.0000093, ""side_estim_km"": 7.8, ""side_estim_deg"": 0.0726, ""elongation_factor"": 3.13}"
3986368,484,21164,Tepeaca,PUE,,942512,tepeaca,MX-PUE-Tepeaca,,"{""area_sr"": 0.01866, ""area_km2"": 217, ""fat_deg_m"": 0.0000093, ""side_estim_km"": 14.7, ""side_estim_deg"": 0.1366, ""elongation_factor"": 2.67}"
6037814,484,21165,Tepemaxalco,PUE,,7701269,tepemaxalco,MX-PUE-Tepemaxalco,,"{""area_sr"": 0.00253, ""area_km2"": 30, ""fat_deg_m"": 0.0000093, ""side_estim_km"": 5.4, ""side_estim_deg"": 0.0503, ""elongation_factor"": 2.82}"
6037815,484,21166,Tepeojuma,PUE,,7701270,tepeojuma,MX-PUE-Tepeojuma,,"{""area_sr"": 0.01133, ""area_km2"": 132, ""fat_deg_m"": 0.0000093, ""side_estim_km"": 11.5, ""side_estim_deg"": 0.1064, ""elongation_factor"": 2.03}"
6037817,484,21167,Tepetzintla,PUE,,5644730,tepetzintla,MX-PUE-Tepetzintla,,"{""area_sr"": 0.00613, ""area_km2"": 71, ""fat_deg_m"": 0.0000093, ""side_estim_km"": 8.4, ""side_estim_deg"": 0.0783, ""elongation_factor"": 2.19}"
6037818,484,21168,Tepexco,PUE,,10824503,tepexco,MX-PUE-Tepexco,,"{""area_sr"": 0.00995, ""area_km2"": 116, ""fat_deg_m"": 0.0000093, ""side_estim_km"": 10.8, ""side_estim_deg"": 0.0998, ""elongation_factor"": 2.97}"
4000678,484,21169,"Tepexi de Rodríguez",PUE,,3888990,tepexi.rodriguez,MX-PUE-TepexiRodriguez,,"{""area_sr"": 0.03354, ""area_km2"": 392, ""fat_deg_m"": 0.0000092, ""side_estim_km"": 19.8, ""side_estim_deg"": 0.1831, ""elongation_factor"": 2.53}"
6037819,484,21170,Tepeyahualco,PUE,,7701288,tepeyahualco,MX-PUE-Tepeyahualco,,"{""area_sr"": 0.03877, ""area_km2"": 451, ""fat_deg_m"": 0.0000093, ""side_estim_km"": 21.2, ""side_estim_deg"": 0.1969, ""elongation_factor"": 2.79}"
4000791,484,21171,"Tepeyahualco de Cuauhtémoc",PUE,,7701289,tepeyahualco.cuauhtemoc,MX-PUE-TepeyahualcoCuauhtemoc,,"{""area_sr"": 0.00134, ""area_km2"": 16, ""fat_deg_m"": 0.0000093, ""side_estim_km"": 4, ""side_estim_deg"": 0.0366, ""elongation_factor"": 1.53}"
6037821,484,21172,"Tetela de Ocampo",PUE,,1393877,tetela.ocampo,MX-PUE-TetelaOcampo,,"{""area_sr"": 0.02833, ""area_km2"": 329, ""fat_deg_m"": 0.0000093, ""side_estim_km"": 18.1, ""side_estim_deg"": 0.1683, ""elongation_factor"": 2.76}"
6037822,484,21173,"Teteles de Avila Castillo",PUE,,6143595,teteles.avila.castillo,MX-PUE-TetelesAvilaCastillo,,"{""area_sr"": 0.00084, ""area_km2"": 10, ""fat_deg_m"": 0.0000093, ""side_estim_km"": 3.1, ""side_estim_deg"": 0.029, ""elongation_factor"": 2.48}"
6037825,484,21174,Teziutlán,PUE,,2991097,teziutlan,MX-PUE-Teziutlan,,"{""area_sr"": 0.00798, ""area_km2"": 93, ""fat_deg_m"": 0.0000093, ""side_estim_km"": 9.6, ""side_estim_deg"": 0.0893, ""elongation_factor"": 3.28}"
6037827,484,21175,Tianguismanalco,PUE,,10826822,tianguismanalco,MX-PUE-Tianguismanalco,,"{""area_sr"": 0.01143, ""area_km2"": 133, ""fat_deg_m"": 0.0000093, ""side_estim_km"": 11.5, ""side_estim_deg"": 0.1069, ""elongation_factor"": 2.31}"
6037829,484,21176,Tilapa,PUE,,7802049,tilapa,MX-PUE-Tilapa,,"{""area_sr"": 0.00716, ""area_km2"": 84, ""fat_deg_m"": 0.0000093, ""side_estim_km"": 9.1, ""side_estim_deg"": 0.0846, ""elongation_factor"": 2.47}"
6037830,484,21179,Tlachichuca,PUE,,6147686,tlachichuca,MX-PUE-Tlachichuca,,"{""area_sr"": 0.03619, ""area_km2"": 421, ""fat_deg_m"": 0.0000093, ""side_estim_km"": 20.5, ""side_estim_deg"": 0.1902, ""elongation_factor"": 2.16}"
4042069,484,21177,"Tlacotepec de Benito Juárez",PUE,,7810689,tlacotepec.benito.juarez,MX-PUE-TlacotepecBenitoJuarez,,"{""area_sr"": 0.03394, ""area_km2"": 396, ""fat_deg_m"": 0.0000093, ""side_estim_km"": 19.9, ""side_estim_deg"": 0.1842, ""elongation_factor"": 2.19}"
6037835,484,21178,Tlacuilotepec,PUE,,6147689,tlacuilotepec,MX-PUE-Tlacuilotepec,,"{""area_sr"": 0.0153, ""area_km2"": 177, ""fat_deg_m"": 0.0000093, ""side_estim_km"": 13.3, ""side_estim_deg"": 0.1237, ""elongation_factor"": 3.06}"
6037836,484,21180,Tlahuapan,PUE,,7810695,tlahuapan,MX-PUE-Tlahuapan,,"{""area_sr"": 0.02699, ""area_km2"": 314, ""fat_deg_m"": 0.0000093, ""side_estim_km"": 17.7, ""side_estim_deg"": 0.1643, ""elongation_factor"": 2.14}"
6037839,484,21181,Tlaltenango,PUE,,7810705,tlaltenango,MX-PUE-Tlaltenango,,"{""area_sr"": 0.00185, ""area_km2"": 21, ""fat_deg_m"": 0.0000093, ""side_estim_km"": 4.6, ""side_estim_deg"": 0.043, ""elongation_factor"": 1.33}"
4000706,484,21182,Tlanepantla,PUE,,7810708,tlanepantla,MX-PUE-Tlanepantla,,"{""area_sr"": 0.00128, ""area_km2"": 15, ""fat_deg_m"": 0.0000093, ""side_estim_km"": 3.9, ""side_estim_deg"": 0.0358, ""elongation_factor"": 1.78}"
6037841,484,21183,Tlaola,PUE,,6147705,tlaola,MX-PUE-Tlaola,,"{""area_sr"": 0.01235, ""area_km2"": 143, ""fat_deg_m"": 0.0000093, ""side_estim_km"": 12, ""side_estim_deg"": 0.1111, ""elongation_factor"": 2.35}"
6037842,484,21184,Tlapacoya,PUE,,7810712,tlapacoya,MX-PUE-Tlapacoya,,"{""area_sr"": 0.00547, ""area_km2"": 63, ""fat_deg_m"": 0.0000093, ""side_estim_km"": 8, ""side_estim_deg"": 0.074, ""elongation_factor"": 2.08}"
6037844,484,21185,Tlapanalá,PUE,,7810715,tlapanala,MX-PUE-Tlapanala,,"{""area_sr"": 0.00718, ""area_km2"": 84, ""fat_deg_m"": 0.0000093, ""side_estim_km"": 9.2, ""side_estim_deg"": 0.0847, ""elongation_factor"": 2.43}"
6037846,484,21186,Tlatlauquitepec,PUE,,2001167,tlatlauquitepec,MX-PUE-Tlatlauquitepec,,"{""area_sr"": 0.02538, ""area_km2"": 294, ""fat_deg_m"": 0.0000093, ""side_estim_km"": 17.2, ""side_estim_deg"": 0.1593, ""elongation_factor"": 3.51}"
6037847,484,21187,Tlaxco,PUE,,10827384,tlaxco,MX-PUE-Tlaxco,,"{""area_sr"": 0.00474, ""area_km2"": 55, ""fat_deg_m"": 0.0000093, ""side_estim_km"": 7.4, ""side_estim_deg"": 0.0689, ""elongation_factor"": 1.77}"
6037849,484,21188,Tochimilco,PUE,,7811997,tochimilco,MX-PUE-Tochimilco,,"{""area_sr"": 0.01877, ""area_km2"": 219, ""fat_deg_m"": 0.0000093, ""side_estim_km"": 14.8, ""side_estim_deg"": 0.137, ""elongation_factor"": 2.34}"
3986258,484,21189,Tochtepec,PUE,,7812015,tochtepec,MX-PUE-Tochtepec,,"{""area_sr"": 0.00873, ""area_km2"": 102, ""fat_deg_m"": 0.0000093, ""side_estim_km"": 10.1, ""side_estim_deg"": 0.0934, ""elongation_factor"": 2.38}"
6037852,484,21190,"Totoltepec de Guerrero",PUE,,7828388,totoltepec.guerrero,MX-PUE-TotoltepecGuerrero,,"{""area_sr"": 0.01328, ""area_km2"": 155, ""fat_deg_m"": 0.0000092, ""side_estim_km"": 12.5, ""side_estim_deg"": 0.1152, ""elongation_factor"": 1.95}"
6037855,484,21191,Tulcingo,PUE,,3891329,tulcingo,MX-PUE-Tulcingo,,"{""area_sr"": 0.02369, ""area_km2"": 278, ""fat_deg_m"": 0.0000092, ""side_estim_km"": 16.7, ""side_estim_deg"": 0.1539, ""elongation_factor"": 2.6}"
5570116,484,21192,"Tuzamapan de Galeana",PUE,,7857262,tuzamapan.galeana,MX-PUE-TuzamapanGaleana,,"{""area_sr"": 0.00361, ""area_km2"": 42, ""fat_deg_m"": 0.0000093, ""side_estim_km"": 6.5, ""side_estim_deg"": 0.0601, ""elongation_factor"": 3.51}"
4002340,484,21193,Tzicatlacoyan,PUE,,7861963,tzicatlacoyan,MX-PUE-Tzicatlacoyan,,"{""area_sr"": 0.0239, ""area_km2"": 279, ""fat_deg_m"": 0.0000093, ""side_estim_km"": 16.7, ""side_estim_deg"": 0.1546, ""elongation_factor"": 2.62}"
5570057,484,21194,"Venustiano Carranza",PUE,,7920662,venustiano.carranza,MX-PUE-VenustianoCarranza,,"{""area_sr"": 0.02783, ""area_km2"": 321, ""fat_deg_m"": 0.0000093, ""side_estim_km"": 17.9, ""side_estim_deg"": 0.1668, ""elongation_factor"": 2.02}"
6037861,484,21195,"Vicente Guerrero",PUE,,7925161,vicente.guerrero,MX-PUE-VicenteGuerrero,,"{""area_sr"": 0.02236, ""area_km2"": 261, ""fat_deg_m"": 0.0000093, ""side_estim_km"": 16.2, ""side_estim_deg"": 0.1495, ""elongation_factor"": 2.72}"
6037864,484,21196,"Xayacatlán de Bravo",PUE,,10834762,xayacatlan.bravo,MX-PUE-XayacatlanBravo,,"{""area_sr"": 0.00515, ""area_km2"": 60, ""fat_deg_m"": 0.0000092, ""side_estim_km"": 7.8, ""side_estim_deg"": 0.0718, ""elongation_factor"": 2.9}"
5570886,484,21197,Xicotepec,PUE,,3891528,xicotepec,MX-PUE-Xicotepec,,"{""area_sr"": 0.02703, ""area_km2"": 312, ""fat_deg_m"": 0.0000093, ""side_estim_km"": 17.7, ""side_estim_deg"": 0.1644, ""elongation_factor"": 2.49}"
6037866,484,21198,Xicotlán,PUE,,8044354,xicotlan,MX-PUE-Xicotlan,,"{""area_sr"": 0.01747, ""area_km2"": 205, ""fat_deg_m"": 0.0000092, ""side_estim_km"": 14.3, ""side_estim_deg"": 0.1322, ""elongation_factor"": 3.09}"
6037867,484,21199,Xiutetelco,PUE,,1997999,xiutetelco,MX-PUE-Xiutetelco,,"{""area_sr"": 0.01257, ""area_km2"": 146, ""fat_deg_m"": 0.0000093, ""side_estim_km"": 12.1, ""side_estim_deg"": 0.1121, ""elongation_factor"": 2.97}"
6037868,484,21200,Xochiapulco,PUE,,2449355,xochiapulco,MX-PUE-Xochiapulco,,"{""area_sr"": 0.00519, ""area_km2"": 60, ""fat_deg_m"": 0.0000093, ""side_estim_km"": 7.8, ""side_estim_deg"": 0.0721, ""elongation_factor"": 1.95}"
6037869,484,21201,Xochiltepec,PUE,,6169302,xochiltepec,MX-PUE-Xochiltepec,,"{""area_sr"": 0.00399, ""area_km2"": 47, ""fat_deg_m"": 0.0000093, ""side_estim_km"": 6.8, ""side_estim_deg"": 0.0632, ""elongation_factor"": 3.1}"
3994853,484,21203,"Xochitlán Todos Santos",PUE,,8044888,xochitlan.todos.santos,MX-PUE-XochitlanTodosSantos,,"{""area_sr"": 0.01401, ""area_km2"": 164, ""fat_deg_m"": 0.0000093, ""side_estim_km"": 12.8, ""side_estim_deg"": 0.1184, ""elongation_factor"": 2.08}"
6037870,484,21202,"Xochitlán de Vicente Suárez",PUE,,10834849,xochitlan.vicente.suarez,MX-PUE-XochitlanVicenteSuarez,,"{""area_sr"": 0.00677, ""area_km2"": 78, ""fat_deg_m"": 0.0000093, ""side_estim_km"": 8.9, ""side_estim_deg"": 0.0823, ""elongation_factor"": 2.46}"
6037873,484,21204,Yaonáhuac,PUE,,3847108,yaonahuac,MX-PUE-Yaonahuac,,"{""area_sr"": 0.00254, ""area_km2"": 29, ""fat_deg_m"": 0.0000093, ""side_estim_km"": 5.4, ""side_estim_deg"": 0.0504, ""elongation_factor"": 3.07}"
3988626,484,21205,Yehualtepec,PUE,,8051271,yehualtepec,MX-PUE-Yehualtepec,,"{""area_sr"": 0.01095, ""area_km2"": 128, ""fat_deg_m"": 0.0000093, ""side_estim_km"": 11.3, ""side_estim_deg"": 0.1046, ""elongation_factor"": 1.97}"
6037875,484,21206,Zacapala,PUE,,927939,zacapala,MX-PUE-Zacapala,,"{""area_sr"": 0.02121, ""area_km2"": 248, ""fat_deg_m"": 0.0000093, ""side_estim_km"": 15.7, ""side_estim_deg"": 0.1456, ""elongation_factor"": 4.01}"
6037876,484,21207,Zacapoaxtla,PUE,,2449230,zacapoaxtla,MX-PUE-Zacapoaxtla,,"{""area_sr"": 0.01522, ""area_km2"": 177, ""fat_deg_m"": 0.0000093, ""side_estim_km"": 13.3, ""side_estim_deg"": 0.1234, ""elongation_factor"": 2.36}"
6037877,484,21208,Zacatlán,PUE,,2509912,zacatlan,MX-PUE-Zacatlan,,"{""area_sr"": 0.04222, ""area_km2"": 489, ""fat_deg_m"": 0.0000093, ""side_estim_km"": 22.1, ""side_estim_deg"": 0.2055, ""elongation_factor"": 2.66}"
6037879,484,21209,Zapotitlán,PUE,,4408128,zapotitlan,MX-PUE-Zapotitlan,,"{""area_sr"": 0.03668, ""area_km2"": 429, ""fat_deg_m"": 0.0000092, ""side_estim_km"": 20.7, ""side_estim_deg"": 0.1915, ""elongation_factor"": 3.21}"
6037878,484,21210,"Zapotitlán de Méndez",PUE,,2449205,zapotitlan.mendez,MX-PUE-ZapotitlanMendez,,"{""area_sr"": 0.00175, ""area_km2"": 20, ""fat_deg_m"": 0.0000093, ""side_estim_km"": 4.5, ""side_estim_deg"": 0.0418, ""elongation_factor"": 3.01}"
6037881,484,21211,Zaragoza,PUE,,4408246,zaragoza,MX-PUE-Zaragoza,,"{""area_sr"": 0.00265, ""area_km2"": 31, ""fat_deg_m"": 0.0000093, ""side_estim_km"": 5.5, ""side_estim_deg"": 0.0515, ""elongation_factor"": 2.25}"
6037882,484,21212,Zautla,PUE,,953111,zautla,MX-PUE-Zautla,,"{""area_sr"": 0.02298, ""area_km2"": 267, ""fat_deg_m"": 0.0000093, ""side_estim_km"": 16.3, ""side_estim_deg"": 0.1516, ""elongation_factor"": 2.25}"
5570884,484,21213,Zihuateutla,PUE,,3892170,zihuateutla,MX-PUE-Zihuateutla,,"{""area_sr"": 0.01649, ""area_km2"": 191, ""fat_deg_m"": 0.0000093, ""side_estim_km"": 13.8, ""side_estim_deg"": 0.1284, ""elongation_factor"": 3.08}"
6037884,484,21214,Zinacatepec,PUE,,3892181,zinacatepec,MX-PUE-Zinacatepec,,"{""area_sr"": 0.00537, ""area_km2"": 63, ""fat_deg_m"": 0.0000092, ""side_estim_km"": 7.9, ""side_estim_deg"": 0.0733, ""elongation_factor"": 2.06}"
6037886,484,21215,Zongozotla,PUE,,3892831,zongozotla,MX-PUE-Zongozotla,,"{""area_sr"": 0.00316, ""area_km2"": 37, ""fat_deg_m"": 0.0000093, ""side_estim_km"": 6, ""side_estim_deg"": 0.0562, ""elongation_factor"": 3.1}"
5570749,484,21216,Zoquiapan,PUE,,10838571,zoquiapan,MX-PUE-Zoquiapan,,"{""area_sr"": 0.00165, ""area_km2"": 19, ""fat_deg_m"": 0.0000093, ""side_estim_km"": 4.4, ""side_estim_deg"": 0.0406, ""elongation_factor"": 4.25}"
4000602,484,21217,Zoquitlán,PUE,,2001126,zoquitlan,MX-PUE-Zoquitlan,,"{""area_sr"": 0.02302, ""area_km2"": 269, ""fat_deg_m"": 0.0000092, ""side_estim_km"": 16.4, ""side_estim_deg"": 0.1517, ""elongation_factor"": 2.82}"